match_date,team,manager,tenure_days_so_far,league_position_before_match,risk_next_5_matches
2025-08-18,Leeds,Daniel Farke,776,1,
2025-08-23,Leeds,Daniel Farke,781,4,0.05256767350041269
2025-08-30,Leeds,Daniel Farke,788,8,0.05692925459354525
2025-09-13,Leeds,Daniel Farke,802,10,0.04168775959611126
2025-09-20,Leeds,Daniel Farke,809,11,0.038446709618975006
2025-09-27,Leeds,Daniel Farke,816,9,0.0242853917355087
2025-10-04,Leeds,Daniel Farke,823,6,0.03213913290433401
2025-10-18,Leeds,Daniel Farke,837,11,0.011405224758813115
2025-10-24,Leeds,Daniel Farke,843,1,0.031830109094777126
2025-11-01,Leeds,Daniel Farke,851,10,0.024609090609976958
2025-11-09,Leeds,Daniel Farke,859,9,0.03362708738858289
2025-11-23,Leeds,Daniel Farke,873,4,0.0917286477564987
2025-11-29,Leeds,Daniel Farke,879,9,0.0819248286946751
2025-12-03,Leeds,Daniel Farke,883,10,0.0390389899456931
2025-12-06,Leeds,Daniel Farke,886,13,0.030602214675711448
2025-12-14,Leeds,Daniel Farke,894,8,0.07451206803311783
2025-12-20,Leeds,Daniel Farke,900,13,0.05102002698512442
2025-12-28,Leeds,Daniel Farke,908,4,0.04615248417725126
2026-01-01,Leeds,Daniel Farke,912,8,0.02059425079635402
2026-01-04,Leeds,Daniel Farke,915,12,0.0225298933816499
2026-01-07,Leeds,Daniel Farke,918,14,0.019131763338119834
2026-01-17,Leeds,Daniel Farke,928,11,0.010329480482084485
2026-01-26,Leeds,Daniel Farke,937,2,0.0
2026-01-31,Leeds,Daniel Farke,942,8,0.0
2026-02-06,Leeds,Daniel Farke,948,1,0.0
2026-02-10,Leeds,Daniel Farke,952,7,0.01185497894074472
2026-02-21,Leeds,Daniel Farke,963,8,0.008855327307380811
2026-02-28,Leeds,Daniel Farke,970,8,0.027392500960858546
2026-03-03,Leeds,Daniel Farke,973,6,0.039639343513220515
2026-03-15,Leeds,Daniel Farke,985,6,0.020494829709616136
2026-03-21,Leeds,Daniel Farke,991,7,0.02863605853747342
2026-04-13,Leeds,Daniel Farke,1014,2,0.0
2026-04-18,Leeds,Daniel Farke,1019,8,0.0362078880642569
2026-04-22,Leeds,Daniel Farke,1023,3,0.029196392473501143
2026-05-01,Leeds,Daniel Farke,1032,1,0.02791855074390326
2026-05-11,Leeds,Daniel Farke,1042,1,0.03764743282846106
2026-05-17,Leeds,Daniel Farke,1048,8,0.021292839509513772
2026-05-24,Leeds,Daniel Farke,1055,14,0.010232687161273457
2025-01-15,Everton,David Moyes,4,6,
2025-01-19,Everton,David Moyes,8,6,
2025-01-25,Everton,David Moyes,14,9,
2025-02-01,Everton,David Moyes,21,8,0.013980428051247995
2025-02-12,Everton,David Moyes,32,2,0.01221088727080133
2025-02-15,Everton,David Moyes,35,10,0.005126262311464069
2025-02-22,Everton,David Moyes,42,9,0.0036211627613994546
2025-02-26,Everton,David Moyes,46,8,0.005012753078913246
2025-03-08,Everton,David Moyes,56,9,0.007157193167861786
2025-03-15,Everton,David Moyes,63,6,0.01674905160109552
2025-04-02,Everton,David Moyes,81,9,0.022505385977449777
2025-04-05,Everton,David Moyes,84,7,0.05424995929796994
2025-04-12,Everton,David Moyes,91,8,0.05536121939434513
2025-04-19,Everton,David Moyes,98,8,0.0337897185528514
2025-04-26,Everton,David Moyes,105,5,0.03919933217124505
2025-05-03,Everton,David Moyes,112,5,0.030724945161542894
2025-05-10,Everton,David Moyes,119,8,0.015810007433669893
2025-05-18,Everton,David Moyes,127,6,0.012627225947042797
2025-05-25,Everton,David Moyes,134,13,0.010690044388798059
2025-08-18,Everton,David Moyes,219,1,0.023973079842421252
2025-08-24,Everton,David Moyes,225,5,0.017601650421588455
2025-08-30,Everton,David Moyes,231,3,0.020715582307076263
2025-09-13,Everton,David Moyes,245,4,0.014637127371229242
2025-09-20,Everton,David Moyes,252,4,0.02474900245213274
2025-09-29,Everton,David Moyes,261,1,0.0363137085787838
2025-10-05,Everton,David Moyes,267,3,0.012786964747389162
2025-10-18,Everton,David Moyes,280,6,0.006701299260634785
2025-10-26,Everton,David Moyes,288,7,0.011772353327526575
2025-11-03,Everton,David Moyes,296,2,0.04357850073017133
2025-11-08,Everton,David Moyes,301,6,0.032056945554089555
2025-11-24,Everton,David Moyes,317,2,0.06513232021605486
2025-11-29,Everton,David Moyes,322,5,0.05219515422361953
2025-12-02,Everton,David Moyes,325,5,0.04332108303543092
2025-12-06,Everton,David Moyes,329,7,0.022056835479270953
2025-12-13,Everton,David Moyes,336,3,0.018250007539360014
2025-12-20,Everton,David Moyes,343,7,0.019382494897955405
2025-12-27,Everton,David Moyes,350,7,0.02113620921135262
2025-12-30,Everton,David Moyes,353,5,0.01529675262710073
2026-01-04,Everton,David Moyes,358,6,0.0047829662914654625
2026-01-07,Everton,David Moyes,361,10,0.006460233539313354
2026-01-18,Everton,David Moyes,372,3,0.0
2026-01-26,Everton,David Moyes,380,1,0.0
2026-01-31,Everton,David Moyes,385,5,0.004356194279638181
2026-02-07,Everton,David Moyes,392,7,0.005623764007095189
2026-02-10,Everton,David Moyes,395,3,0.008329639207037776
2026-02-23,Everton,David Moyes,408,2,0.01115222347632916
2026-02-28,Everton,David Moyes,413,5,0.01633120350056605
2026-03-03,Everton,David Moyes,416,3,0.012665654953549654
2026-03-14,Everton,David Moyes,427,4,0.007733435672909517
2026-03-21,Everton,David Moyes,434,4,0.00731587933382305
2026-04-11,Everton,David Moyes,455,4,0.01561635518328297
2026-04-19,Everton,David Moyes,463,5,0.014798467927623515
2026-04-25,Everton,David Moyes,469,4,0.03000245845769456
2026-05-04,Everton,David Moyes,478,3,0.0723876337209689
2026-05-10,Everton,David Moyes,484,3,0.05022873012635387
2026-05-17,Everton,David Moyes,491,4,0.07047554126526245
2026-05-24,Everton,David Moyes,498,12,0.03709323063233316
2024-08-17,Brighton,Fabian Hürzeler,46,1,
2024-08-24,Brighton,Fabian Hürzeler,53,1,0.04803202660757355
2024-08-31,Brighton,Fabian Hürzeler,60,2,0.028599153732725147
2024-09-14,Brighton,Fabian Hürzeler,74,3,0.03613887898843415
2024-09-22,Brighton,Fabian Hürzeler,82,3,0.03287188912689387
2024-09-28,Brighton,Fabian Hürzeler,88,6,0.019214349598582037
2024-10-06,Brighton,Fabian Hürzeler,96,4,0.04670806762637281
2024-10-19,Brighton,Fabian Hürzeler,109,3,0.028456253966101963
2024-10-26,Brighton,Fabian Hürzeler,116,3,0.01583193977532127
2024-11-02,Brighton,Fabian Hürzeler,123,4,0.014840470910262638
2024-11-09,Brighton,Fabian Hürzeler,130,4,0.018610435025231742
2024-11-23,Brighton,Fabian Hürzeler,144,5,0.016613466976108215
2024-11-29,Brighton,Fabian Hürzeler,150,1,0.02057930064644531
2024-12-05,Brighton,Fabian Hürzeler,156,1,0.03915986792326864
2024-12-08,Brighton,Fabian Hürzeler,159,3,0.03309204957133294
2024-12-15,Brighton,Fabian Hürzeler,166,3,0.03071634371340526
2024-12-21,Brighton,Fabian Hürzeler,172,5,0.04885787610998582
2024-12-27,Brighton,Fabian Hürzeler,178,2,0.06383129309869096
2024-12-30,Brighton,Fabian Hürzeler,181,4,0.054379813259800125
2025-01-04,Brighton,Fabian Hürzeler,186,7,0.0347344554215232
2025-01-16,Brighton,Fabian Hürzeler,198,1,0.057128901481914185
2025-01-19,Brighton,Fabian Hürzeler,201,3,0.01782671770119959
2025-01-25,Brighton,Fabian Hürzeler,207,8,0.009880618898582272
2025-02-01,Brighton,Fabian Hürzeler,214,6,0.017279873064347306
2025-02-14,Brighton,Fabian Hürzeler,227,2,0.05554598926853371
2025-02-22,Brighton,Fabian Hürzeler,235,6,0.02906337798403702
2025-02-25,Brighton,Fabian Hürzeler,238,4,0.031521337543469974
2025-03-08,Brighton,Fabian Hürzeler,249,4,0.026267528406921925
2025-03-15,Brighton,Fabian Hürzeler,256,3,0.013811731829027285
2025-04-02,Brighton,Fabian Hürzeler,274,4,0.0039586569480191125
2025-04-05,Brighton,Fabian Hürzeler,277,4,0.004982457220308989
2025-04-12,Brighton,Fabian Hürzeler,284,5,0.017297020940718832
2025-04-19,Brighton,Fabian Hürzeler,291,5,0.026671781615472234
2025-04-26,Brighton,Fabian Hürzeler,298,4,0.053737168971364824
2025-05-04,Brighton,Fabian Hürzeler,306,4,0.044510752600219305
2025-05-10,Brighton,Fabian Hürzeler,312,5,0.060376193932289435
2025-05-19,Brighton,Fabian Hürzeler,321,2,0.04712095194100252
2025-05-25,Brighton,Fabian Hürzeler,327,8,0.017478473189706523
2025-08-16,Brighton,Fabian Hürzeler,410,1,0.003825832414891983
2025-08-24,Brighton,Fabian Hürzeler,418,2,0.005363700307918884
2025-08-31,Brighton,Fabian Hürzeler,425,7,0.004418268322825769
2025-09-13,Brighton,Fabian Hürzeler,438,8,0.0020477008566044397
2025-09-20,Brighton,Fabian Hürzeler,445,7,0.008363327292549627
2025-09-27,Brighton,Fabian Hürzeler,452,10,0.019885679494641595
2025-10-05,Brighton,Fabian Hürzeler,460,4,0.021605544014417943
2025-10-18,Brighton,Fabian Hürzeler,473,9,0.014620472468677592
2025-10-25,Brighton,Fabian Hürzeler,480,5,0.020508185041704374
2025-11-01,Brighton,Fabian Hürzeler,487,9,0.012054437627130987
2025-11-09,Brighton,Fabian Hürzeler,495,5,0.013935338097674
2025-11-22,Brighton,Fabian Hürzeler,508,7,0.021878555477819916
2025-11-30,Brighton,Fabian Hürzeler,516,5,0.014424548563343964
2025-12-03,Brighton,Fabian Hürzeler,519,4,0.028736121782991342
2025-12-07,Brighton,Fabian Hürzeler,523,2,0.037740835643882975
2025-12-13,Brighton,Fabian Hürzeler,529,4,0.04469333834405309
2025-12-20,Brighton,Fabian Hürzeler,536,8,0.04440378119325128
2025-12-27,Brighton,Fabian Hürzeler,543,6,0.06406349310818671
2025-12-30,Brighton,Fabian Hürzeler,546,6,0.11710369920783104
2026-01-03,Brighton,Fabian Hürzeler,550,3,0.12279935122238039
2026-01-07,Brighton,Fabian Hürzeler,554,8,0.043401810271465946
2026-01-19,Brighton,Fabian Hürzeler,566,1,0.0738547593750093
2026-01-24,Brighton,Fabian Hürzeler,571,5,0.046339952154927366
2026-01-31,Brighton,Fabian Hürzeler,578,6,0.04274534081024661
2026-02-08,Brighton,Fabian Hürzeler,586,3,0.04631014390139987
2026-02-11,Brighton,Fabian Hürzeler,589,7,0.0502990208412768
2026-02-21,Brighton,Fabian Hürzeler,599,7,0.03235194997012969
2026-03-01,Brighton,Fabian Hürzeler,607,6,0.023166931129913415
2026-03-04,Brighton,Fabian Hürzeler,610,7,0.011406570505795965
2026-03-14,Brighton,Fabian Hürzeler,620,8,0.01955200170386484
2026-03-21,Brighton,Fabian Hürzeler,627,6,0.008300487735004025
2026-04-11,Brighton,Fabian Hürzeler,648,6,0.011454285208774562
2026-04-18,Brighton,Fabian Hürzeler,655,4,0.010892976736185389
2026-04-21,Brighton,Fabian Hürzeler,658,2,0.019496682937091947
2026-05-02,Brighton,Fabian Hürzeler,669,2,0.005297237991260029
2026-05-09,Brighton,Fabian Hürzeler,676,6,0.007340546387916258
2026-05-17,Brighton,Fabian Hürzeler,684,2,0.0052239238702034285
2026-05-24,Brighton,Fabian Hürzeler,691,7,0.026048838763869653
2025-08-17,Brentford,Keith Andrews,51,1,
2025-08-23,Brentford,Keith Andrews,57,7,0.05269168401079849
2025-08-30,Brentford,Keith Andrews,64,5,0.04005820789189529
2025-09-13,Brentford,Keith Andrews,78,11,0.03779509327349306
2025-09-20,Brentford,Keith Andrews,85,7,0.043110778152516294
2025-09-27,Brentford,Keith Andrews,92,13,0.035514331842655955
2025-10-05,Brentford,Keith Andrews,100,5,0.033657116755718475
2025-10-20,Brentford,Keith Andrews,115,1,0.041084721608661945
2025-10-25,Brentford,Keith Andrews,120,6,0.011768722892008254
2025-11-01,Brentford,Keith Andrews,127,8,0.0067606984006371995
2025-11-09,Brentford,Keith Andrews,135,7,0.011048937873752385
2025-11-22,Brentford,Keith Andrews,148,8,0.013720822452773618
2025-11-29,Brentford,Keith Andrews,155,6,0.016165815022279317
2025-12-03,Brentford,Keith Andrews,159,8,0.0139231099703917
2025-12-06,Brentford,Keith Andrews,162,10,0.019434649278327054
2025-12-14,Brentford,Keith Andrews,170,7,0.02882969936050206
2025-12-20,Brentford,Keith Andrews,176,12,0.02576491069897824
2025-12-27,Brentford,Keith Andrews,183,8,0.016467024487095805
2026-01-01,Brentford,Keith Andrews,188,4,0.026710831398261248
2026-01-04,Brentford,Keith Andrews,191,7,0.014699186665554698
2026-01-07,Brentford,Keith Andrews,194,5,0.009243109856365117
2026-01-17,Brentford,Keith Andrews,204,4,0.006788744095092336
2026-01-25,Brentford,Keith Andrews,212,5,0.011851294867856632
2026-02-01,Brentford,Keith Andrews,219,5,0.02975553021267585
2026-02-07,Brentford,Keith Andrews,225,5,0.019985483328350595
2026-02-12,Brentford,Keith Andrews,230,2,0.03862123500793857
2026-02-21,Brentford,Keith Andrews,239,4,0.0378885054444178
2026-02-28,Brentford,Keith Andrews,246,3,0.041397377799150425
2026-03-03,Brentford,Keith Andrews,249,2,0.024114701805951988
2026-03-16,Brentford,Keith Andrews,262,1,0.018366852578033832
2026-03-21,Brentford,Keith Andrews,267,3,0.01789806314958642
2026-04-11,Brentford,Keith Andrews,288,3,0.012218319075166906
2026-04-18,Brentford,Keith Andrews,295,3,0.019882229006256358
2026-04-27,Brentford,Keith Andrews,304,2,0.040894455787949924
2026-05-02,Brentford,Keith Andrews,309,3,0.06482501138543895
2026-05-09,Brentford,Keith Andrews,316,5,0.058007255500061805
2026-05-17,Brentford,Keith Andrews,324,3,0.07786291737277651
2026-05-24,Brentford,Keith Andrews,331,9,0.04868764580868179
2026-01-17,Man United,Michael Carrick,4,5,
2026-01-25,Man United,Michael Carrick,12,3,
2026-02-01,Man United,Michael Carrick,19,3,0.02284243002835462
2026-02-07,Man United,Michael Carrick,25,3,0.012208399633877098
2026-02-10,Man United,Michael Carrick,28,1,0.007673258884164813
2026-02-23,Man United,Michael Carrick,41,1,0.006309309322957923
2026-03-01,Man United,Michael Carrick,47,2,0.005861295970295166
2026-03-04,Man United,Michael Carrick,50,3,0.007620438592045309
2026-03-15,Man United,Michael Carrick,61,1,0.014628708351295039
2026-03-20,Man United,Michael Carrick,66,1,0.014628708351295039
2026-04-13,Man United,Michael Carrick,90,1,0.030679108819346212
2026-04-18,Man United,Michael Carrick,95,1,0.05248422988880763
2026-04-27,Man United,Michael Carrick,104,1,0.047999265455955675
2026-05-03,Man United,Michael Carrick,110,1,0.01579861354187151
2026-05-09,Man United,Michael Carrick,116,2,0.01227524980992556
2026-05-17,Man United,Michael Carrick,124,1,0.008251877807464614
2026-05-24,Man United,Michael Carrick,131,3,0.006241408917194047
2019-12-26,Arsenal,Mikel Arteta,4,9,
2019-12-29,Arsenal,Mikel Arteta,7,6,
2020-01-01,Arsenal,Mikel Arteta,10,10,
2020-01-11,Arsenal,Mikel Arteta,20,8,0.01878157591545948
2020-01-18,Arsenal,Mikel Arteta,27,7,0.01654349138648392
2020-01-21,Arsenal,Mikel Arteta,30,5,0.015814918617708562
2020-02-02,Arsenal,Mikel Arteta,42,3,0.022728195711317234
2020-02-16,Arsenal,Mikel Arteta,56,2,0.017099096824074178
2020-02-23,Arsenal,Mikel Arteta,63,4,0.01745448891193857
2020-03-07,Arsenal,Mikel Arteta,76,6,0.014938212673123674
2020-06-17,Arsenal,Mikel Arteta,178,3,0.009902684688280705
2020-06-20,Arsenal,Mikel Arteta,181,3,0.01221020294695574
2020-06-25,Arsenal,Mikel Arteta,186,3,0.015051317366035155
2020-07-01,Arsenal,Mikel Arteta,192,3,0.01525516960270834
2020-07-04,Arsenal,Mikel Arteta,195,5,0.012946999554303895
2020-07-07,Arsenal,Mikel Arteta,198,3,0.01525516960270834
2020-07-12,Arsenal,Mikel Arteta,203,3,0.008414495533874633
2020-07-15,Arsenal,Mikel Arteta,206,5,0.009066434911201626
2020-07-21,Arsenal,Mikel Arteta,212,2,0.01396835302881938
2020-07-26,Arsenal,Mikel Arteta,217,10,0.013571847115608215
2020-09-12,Arsenal,Mikel Arteta,265,1,0.016764403696191588
2020-09-19,Arsenal,Mikel Arteta,272,1,0.011033058576009003
2020-09-28,Arsenal,Mikel Arteta,281,1,0.003940131111995759
2020-10-04,Arsenal,Mikel Arteta,287,4,0.008767382854036665
2020-10-17,Arsenal,Mikel Arteta,300,2,0.009319471700655835
2020-10-25,Arsenal,Mikel Arteta,308,3,0.022642565014242444
2020-11-01,Arsenal,Mikel Arteta,315,5,0.051593104652128075
2020-11-08,Arsenal,Mikel Arteta,322,6,0.053481122368591705
2020-11-22,Arsenal,Mikel Arteta,336,4,0.05269804695003466
2020-11-29,Arsenal,Mikel Arteta,343,5,0.05796278522000031
2020-12-06,Arsenal,Mikel Arteta,350,5,0.03405080218805945
2020-12-13,Arsenal,Mikel Arteta,357,6,0.008103334651264338
2020-12-16,Arsenal,Mikel Arteta,360,10,0.010938556486010942
2020-12-19,Arsenal,Mikel Arteta,363,7,0.011350803830360912
2020-12-26,Arsenal,Mikel Arteta,370,10,0.0
2020-12-29,Arsenal,Mikel Arteta,373,6,0.0
2021-01-02,Arsenal,Mikel Arteta,377,4,0.0
2021-01-14,Arsenal,Mikel Arteta,389,1,0.003590024096983613
2021-01-18,Arsenal,Mikel Arteta,393,1,0.007184890718668235
2021-01-26,Arsenal,Mikel Arteta,401,4,0.002987279934875686
2021-01-30,Arsenal,Mikel Arteta,405,4,0.002987279934875686
2021-02-02,Arsenal,Mikel Arteta,408,2,0.005363700307918884
2021-02-06,Arsenal,Mikel Arteta,412,5,0.007865252263324463
2021-02-14,Arsenal,Mikel Arteta,420,4,0.005292634082315284
2021-02-21,Arsenal,Mikel Arteta,427,7,0.00829531170972575
2021-02-28,Arsenal,Mikel Arteta,434,6,0.008520475394946492
2021-03-06,Arsenal,Mikel Arteta,440,3,0.007168703021080192
2021-03-14,Arsenal,Mikel Arteta,448,5,0.014783684724089974
2021-03-21,Arsenal,Mikel Arteta,455,4,0.01143632299420505
2021-04-03,Arsenal,Mikel Arteta,468,5,0.020287235496511347
2021-04-11,Arsenal,Mikel Arteta,476,5,0.024441246601225042
2021-04-18,Arsenal,Mikel Arteta,483,2,0.026484633942144176
2021-04-23,Arsenal,Mikel Arteta,488,2,0.021391124778500914
2021-05-02,Arsenal,Mikel Arteta,497,2,0.040562878096357946
2021-05-09,Arsenal,Mikel Arteta,504,4,0.022771452438093975
2021-05-12,Arsenal,Mikel Arteta,507,2,0.018010852567985625
2021-05-19,Arsenal,Mikel Arteta,514,5,0.01718094495015332
2021-05-23,Arsenal,Mikel Arteta,518,9,0.011114979282724757
2021-08-13,Arsenal,Mikel Arteta,600,1,0.003486146767594178
2021-08-22,Arsenal,Mikel Arteta,609,5,0.004709728647443012
2021-08-28,Arsenal,Mikel Arteta,615,12,0.004968481409916681
2021-09-11,Arsenal,Mikel Arteta,629,15,0.00751696217312503
2021-09-18,Arsenal,Mikel Arteta,636,10,0.01716563319191111
2021-09-26,Arsenal,Mikel Arteta,644,2,0.05515315107149421
2021-10-02,Arsenal,Mikel Arteta,650,5,0.023263258225621253
2021-10-18,Arsenal,Mikel Arteta,666,1,0.016074513760863662
2021-10-22,Arsenal,Mikel Arteta,670,1,0.008752329836789197
2021-10-30,Arsenal,Mikel Arteta,678,8,0.002581259316060347
2021-11-07,Arsenal,Mikel Arteta,686,3,0.011729689043852187
2021-11-20,Arsenal,Mikel Arteta,699,4,0.014457019195887266
2021-11-27,Arsenal,Mikel Arteta,706,2,0.026465090370246025
2021-12-02,Arsenal,Mikel Arteta,711,1,0.015265867587745618
2021-12-06,Arsenal,Mikel Arteta,715,1,0.028524354449390055
2021-12-11,Arsenal,Mikel Arteta,720,5,0.019743000602085448
2021-12-15,Arsenal,Mikel Arteta,724,2,0.025225082795666598
2021-12-18,Arsenal,Mikel Arteta,727,1,0.007500335823308557
2021-12-26,Arsenal,Mikel Arteta,735,3,0.006361716455916988
2022-01-01,Arsenal,Mikel Arteta,741,2,0.0
2022-01-23,Arsenal,Mikel Arteta,763,4,0.0033396592902761313
2022-02-10,Arsenal,Mikel Arteta,781,2,0.012041075026927861
2022-02-19,Arsenal,Mikel Arteta,790,5,0.014180203545332781
2022-02-24,Arsenal,Mikel Arteta,795,1,0.03360507910260768
2022-03-06,Arsenal,Mikel Arteta,805,3,0.017665354500911556
2022-03-13,Arsenal,Mikel Arteta,812,2,0.010237756133419484
2022-03-16,Arsenal,Mikel Arteta,815,2,0.0067300851073374135
2022-03-19,Arsenal,Mikel Arteta,818,1,0.01370244459309411
2022-04-04,Arsenal,Mikel Arteta,834,1,0.004970868471440348
2022-04-09,Arsenal,Mikel Arteta,839,3,0.007915190648516646
2022-04-16,Arsenal,Mikel Arteta,846,2,0.048279835310766406
2022-04-20,Arsenal,Mikel Arteta,850,3,0.0821368736528657
2022-04-23,Arsenal,Mikel Arteta,853,3,0.04453828584916508
2022-05-01,Arsenal,Mikel Arteta,861,2,0.032701174756409546
2022-05-08,Arsenal,Mikel Arteta,868,2,0.017518777825077825
2022-05-12,Arsenal,Mikel Arteta,872,1,0.010152490673033143
2022-05-16,Arsenal,Mikel Arteta,876,1,0.0204447406776187
2022-05-22,Arsenal,Mikel Arteta,882,5,0.014030139577873246
2022-08-05,Arsenal,Mikel Arteta,957,1,0.009982961898175269
2022-08-13,Arsenal,Mikel Arteta,965,1,0.009982961898175269
2022-08-20,Arsenal,Mikel Arteta,972,1,0.020348974651250296
2022-08-27,Arsenal,Mikel Arteta,979,1,0.010869290334418857
2022-08-31,Arsenal,Mikel Arteta,983,1,0.005792743015695323
2022-09-04,Arsenal,Mikel Arteta,987,1,0.0029699762921976403
2022-09-18,Arsenal,Mikel Arteta,1001,1,0.005579705260955192
2022-10-01,Arsenal,Mikel Arteta,1014,1,0.0
2022-10-09,Arsenal,Mikel Arteta,1022,1,0.011686497314505329
2022-10-16,Arsenal,Mikel Arteta,1029,1,0.011686497314505329
2022-10-23,Arsenal,Mikel Arteta,1036,1,0.017767801565719
2022-10-30,Arsenal,Mikel Arteta,1043,1,0.019474272443645635
2022-11-06,Arsenal,Mikel Arteta,1050,1,0.02464207339073754
2022-11-12,Arsenal,Mikel Arteta,1056,1,0.015309695563532122
2022-12-26,Arsenal,Mikel Arteta,1100,1,0.005529800105332772
2022-12-31,Arsenal,Mikel Arteta,1105,1,0.005529800105332772
2023-01-03,Arsenal,Mikel Arteta,1108,1,0.0036322165664119943
2023-01-15,Arsenal,Mikel Arteta,1120,1,0.011390201686301782
2023-01-22,Arsenal,Mikel Arteta,1127,1,0.01185843000985376
2023-02-04,Arsenal,Mikel Arteta,1140,1,0.01185843000985376
2023-02-11,Arsenal,Mikel Arteta,1147,1,0.03365440374301876
2023-02-15,Arsenal,Mikel Arteta,1151,1,0.034611764494555164
2023-02-18,Arsenal,Mikel Arteta,1154,2,0.03924494750088736
2023-02-25,Arsenal,Mikel Arteta,1161,1,0.04255178801174875
2023-03-01,Arsenal,Mikel Arteta,1165,1,0.04411214392781859
2023-03-04,Arsenal,Mikel Arteta,1168,1,0.023697011665410717
2023-03-12,Arsenal,Mikel Arteta,1176,1,0.015614447809720655
2023-03-19,Arsenal,Mikel Arteta,1183,1,0.004243127898137966
2023-04-01,Arsenal,Mikel Arteta,1196,1,0.01326817735180652
2023-04-09,Arsenal,Mikel Arteta,1204,1,0.009063507073386656
2023-04-16,Arsenal,Mikel Arteta,1211,1,0.021061672104283335
2023-04-21,Arsenal,Mikel Arteta,1216,1,0.03191783780637558
2023-04-26,Arsenal,Mikel Arteta,1221,1,0.01706485962396387
2023-05-02,Arsenal,Mikel Arteta,1227,1,0.03186030372810966
2023-05-07,Arsenal,Mikel Arteta,1232,1,0.03186030372810966
2023-05-14,Arsenal,Mikel Arteta,1239,2,0.019372780105611387
2023-05-20,Arsenal,Mikel Arteta,1245,1,0.0
2023-05-28,Arsenal,Mikel Arteta,1253,2,0.0
2023-08-12,Arsenal,Mikel Arteta,1329,1,0.017637294551870797
2023-08-21,Arsenal,Mikel Arteta,1338,1,0.017637294551870797
2023-08-26,Arsenal,Mikel Arteta,1343,2,0.016250245916193506
2023-09-03,Arsenal,Mikel Arteta,1351,2,0.013184337148715364
2023-09-17,Arsenal,Mikel Arteta,1365,1,0.0
2023-09-24,Arsenal,Mikel Arteta,1372,3,0.0
2023-09-30,Arsenal,Mikel Arteta,1378,5,0.0
2023-10-08,Arsenal,Mikel Arteta,1386,2,0.0
2023-10-21,Arsenal,Mikel Arteta,1399,1,0.008498744935154012
2023-10-28,Arsenal,Mikel Arteta,1406,1,0.012922213899282942
2023-11-04,Arsenal,Mikel Arteta,1413,1,0.012922213899282942
2023-11-11,Arsenal,Mikel Arteta,1420,2,0.045822725693853594
2023-11-25,Arsenal,Mikel Arteta,1434,3,0.02914286658508569
2023-12-02,Arsenal,Mikel Arteta,1441,1,0.03428780989903457
2023-12-05,Arsenal,Mikel Arteta,1444,1,0.022634995246801903
2023-12-09,Arsenal,Mikel Arteta,1448,1,0.022634995246801903
2023-12-17,Arsenal,Mikel Arteta,1456,2,0.0
2023-12-23,Arsenal,Mikel Arteta,1462,1,0.012844568887597885
2023-12-28,Arsenal,Mikel Arteta,1467,1,0.01950761634735121
2023-12-31,Arsenal,Mikel Arteta,1470,1,0.03638140834036585
2024-01-20,Arsenal,Mikel Arteta,1490,1,0.06734083450541195
2024-01-30,Arsenal,Mikel Arteta,1500,1,0.0
2024-02-04,Arsenal,Mikel Arteta,1505,2,0.0
2024-02-11,Arsenal,Mikel Arteta,1512,1,0.0
2024-02-17,Arsenal,Mikel Arteta,1518,2,0.0
2024-02-24,Arsenal,Mikel Arteta,1525,2,0.0
2024-03-04,Arsenal,Mikel Arteta,1534,1,0.0
2024-03-09,Arsenal,Mikel Arteta,1539,1,0.0
2024-03-31,Arsenal,Mikel Arteta,1561,1,0.0
2024-04-03,Arsenal,Mikel Arteta,1564,1,0.0
2024-04-06,Arsenal,Mikel Arteta,1567,1,0.0
2024-04-14,Arsenal,Mikel Arteta,1575,1,0.012065027918930382
2024-04-20,Arsenal,Mikel Arteta,1581,1,0.022575610555674586
2024-04-23,Arsenal,Mikel Arteta,1584,1,0.022575610555674586
2024-04-28,Arsenal,Mikel Arteta,1589,1,0.014872617538066013
2024-05-04,Arsenal,Mikel Arteta,1595,1,0.030344530452765417
2024-05-12,Arsenal,Mikel Arteta,1603,1,0.01570549473108085
2024-05-19,Arsenal,Mikel Arteta,1610,2,0.007717891732148652
2024-08-17,Arsenal,Mikel Arteta,1700,1,0.0
2024-08-24,Arsenal,Mikel Arteta,1707,2,0.0
2024-08-31,Arsenal,Mikel Arteta,1714,2,0.0
2024-09-15,Arsenal,Mikel Arteta,1729,1,0.0
2024-09-22,Arsenal,Mikel Arteta,1736,2,0.014815379224137115
2024-09-28,Arsenal,Mikel Arteta,1742,3,0.020724501785736926
2024-10-05,Arsenal,Mikel Arteta,1749,3,0.020724501785736926
2024-10-19,Arsenal,Mikel Arteta,1763,1,0.024401993121211385
2024-10-27,Arsenal,Mikel Arteta,1771,2,0.0
2024-11-02,Arsenal,Mikel Arteta,1777,3,0.0
2024-11-10,Arsenal,Mikel Arteta,1785,3,0.0
2024-11-23,Arsenal,Mikel Arteta,1798,3,0.0
2024-11-30,Arsenal,Mikel Arteta,1805,1,0.0
2024-12-04,Arsenal,Mikel Arteta,1809,2,0.0
2024-12-08,Arsenal,Mikel Arteta,1813,2,0.0
2024-12-14,Arsenal,Mikel Arteta,1819,2,0.0
2024-12-21,Arsenal,Mikel Arteta,1826,1,0.0
2024-12-27,Arsenal,Mikel Arteta,1832,1,0.0
2025-01-01,Arsenal,Mikel Arteta,1837,1,0.0
2025-01-04,Arsenal,Mikel Arteta,1840,1,0.0
2025-01-15,Arsenal,Mikel Arteta,1851,1,0.0
2025-01-18,Arsenal,Mikel Arteta,1854,2,0.0
2025-01-25,Arsenal,Mikel Arteta,1861,2,0.0
2025-02-02,Arsenal,Mikel Arteta,1869,1,0.0
2025-02-15,Arsenal,Mikel Arteta,1882,1,0.0
2025-02-22,Arsenal,Mikel Arteta,1889,1,0.0
2025-02-26,Arsenal,Mikel Arteta,1893,2,0.0
2025-03-09,Arsenal,Mikel Arteta,1904,1,0.0
2025-03-16,Arsenal,Mikel Arteta,1911,1,0.0
2025-04-01,Arsenal,Mikel Arteta,1927,1,0.0
2025-04-05,Arsenal,Mikel Arteta,1931,1,0.0
2025-04-12,Arsenal,Mikel Arteta,1938,1,0.0
2025-04-20,Arsenal,Mikel Arteta,1946,2,0.0
2025-04-23,Arsenal,Mikel Arteta,1949,1,0.0
2025-05-03,Arsenal,Mikel Arteta,1959,1,0.0
2025-05-11,Arsenal,Mikel Arteta,1967,2,0.07183954824880057
2025-05-18,Arsenal,Mikel Arteta,1974,1,0.0777794847317963
2025-05-25,Arsenal,Mikel Arteta,1981,2,0.04774416394698344
2025-08-17,Arsenal,Mikel Arteta,2065,1,0.0
2025-08-23,Arsenal,Mikel Arteta,2071,4,0.0
2025-08-31,Arsenal,Mikel Arteta,2079,1,0.0
2025-09-13,Arsenal,Mikel Arteta,2092,2,0.0
2025-09-21,Arsenal,Mikel Arteta,2100,1,0.0
2025-09-28,Arsenal,Mikel Arteta,2107,1,0.0
2025-10-04,Arsenal,Mikel Arteta,2113,2,0.0
2025-10-18,Arsenal,Mikel Arteta,2127,1,0.0
2025-10-26,Arsenal,Mikel Arteta,2135,1,0.0
2025-11-01,Arsenal,Mikel Arteta,2141,1,0.0
2025-11-08,Arsenal,Mikel Arteta,2148,1,0.0
2025-11-23,Arsenal,Mikel Arteta,2163,1,0.0
2025-11-30,Arsenal,Mikel Arteta,2170,1,0.0
2025-12-03,Arsenal,Mikel Arteta,2173,1,0.0
2025-12-06,Arsenal,Mikel Arteta,2176,1,0.0
2025-12-13,Arsenal,Mikel Arteta,2183,1,0.0
2025-12-20,Arsenal,Mikel Arteta,2190,1,0.0
2025-12-27,Arsenal,Mikel Arteta,2197,1,0.0
2025-12-30,Arsenal,Mikel Arteta,2200,1,0.0
2026-01-03,Arsenal,Mikel Arteta,2204,1,0.0
2026-01-08,Arsenal,Mikel Arteta,2209,1,0.0
2026-01-17,Arsenal,Mikel Arteta,2218,1,0.0
2026-01-25,Arsenal,Mikel Arteta,2226,1,0.0
2026-01-31,Arsenal,Mikel Arteta,2232,1,0.0
2026-02-07,Arsenal,Mikel Arteta,2239,1,0.0
2026-02-12,Arsenal,Mikel Arteta,2244,1,0.0
2026-02-18,Arsenal,Mikel Arteta,2250,1,0.0
2026-02-22,Arsenal,Mikel Arteta,2254,1,0.0
2026-03-01,Arsenal,Mikel Arteta,2261,1,0.0
2026-03-04,Arsenal,Mikel Arteta,2264,1,0.0
2026-03-14,Arsenal,Mikel Arteta,2274,1,0.0
2026-04-11,Arsenal,Mikel Arteta,2302,1,0.0
2026-04-19,Arsenal,Mikel Arteta,2310,1,0.0
2026-04-25,Arsenal,Mikel Arteta,2316,1,0.0
2026-05-02,Arsenal,Mikel Arteta,2323,1,0.0
2026-05-10,Arsenal,Mikel Arteta,2331,1,0.0
2026-05-18,Arsenal,Mikel Arteta,2339,1,0.0
2026-05-24,Arsenal,Mikel Arteta,2345,1,0.0
2026-04-12,Tottenham,Roberto De Zerbi,12,8,
2026-04-18,Tottenham,Roberto De Zerbi,18,9,0.05058368200289287
2026-04-25,Tottenham,Roberto De Zerbi,25,9,0.04117738841629659
2026-05-03,Tottenham,Roberto De Zerbi,33,6,0.028233140204992457
2026-05-11,Tottenham,Roberto De Zerbi,41,2,0.021260240175621115
2026-05-19,Tottenham,Roberto De Zerbi,49,4,0.014776055904859864
2026-05-24,Tottenham,Roberto De Zerbi,54,17,0.005167911032973649
2025-08-16,Sunderland,Régis Le Bris,411,1,
2025-08-23,Sunderland,Régis Le Bris,418,2,0.03430856502259583
2025-08-30,Sunderland,Régis Le Bris,425,3,0.031883072407740465
2025-09-13,Sunderland,Régis Le Bris,439,4,0.007941787490109542
2025-09-21,Sunderland,Régis Le Bris,447,3,0.013969619606623906
2025-09-27,Sunderland,Régis Le Bris,453,6,0.017726544530296984
2025-10-04,Sunderland,Régis Le Bris,460,4,0.021073243053869706
2025-10-18,Sunderland,Régis Le Bris,474,7,0.024933501889753407
2025-10-25,Sunderland,Régis Le Bris,481,3,0.03486183905888818
2025-11-03,Sunderland,Régis Le Bris,490,1,0.023006915170161846
2025-11-08,Sunderland,Régis Le Bris,495,2,0.021410498673835487
2025-11-22,Sunderland,Régis Le Bris,509,3,0.030545329852407876
2025-11-29,Sunderland,Régis Le Bris,516,2,0.033571257119408004
2025-12-03,Sunderland,Régis Le Bris,520,5,0.05358908269472795
2025-12-06,Sunderland,Régis Le Bris,523,5,0.08050716558518989
2025-12-14,Sunderland,Régis Le Bris,531,4,0.09835500353573412
2025-12-20,Sunderland,Régis Le Bris,537,5,0.06765190451981051
2025-12-28,Sunderland,Régis Le Bris,545,1,0.0620244498237249
2026-01-01,Sunderland,Régis Le Bris,549,3,0.07025323184379906
2026-01-04,Sunderland,Régis Le Bris,552,5,0.06945502756489697
2026-01-07,Sunderland,Régis Le Bris,555,6,0.034117859821032215
2026-01-17,Sunderland,Régis Le Bris,565,8,0.0758992540645328
2026-01-24,Sunderland,Régis Le Bris,572,3,0.06515521485303888
2026-02-02,Sunderland,Régis Le Bris,581,1,0.09345384560308156
2026-02-07,Sunderland,Régis Le Bris,586,6,0.03544338155774418
2026-02-11,Sunderland,Régis Le Bris,590,4,0.041427857332619
2026-02-22,Sunderland,Régis Le Bris,601,3,0.023442980394007162
2026-02-28,Sunderland,Régis Le Bris,607,7,0.03155918761878007
2026-03-03,Sunderland,Régis Le Bris,610,5,0.030179549088382496
2026-03-14,Sunderland,Régis Le Bris,621,6,0.028352034624774536
2026-03-22,Sunderland,Régis Le Bris,629,3,0.03661101742609818
2026-04-12,Sunderland,Régis Le Bris,650,4,0.04581223674321788
2026-04-19,Sunderland,Régis Le Bris,657,6,0.016886908505314824
2026-04-24,Sunderland,Régis Le Bris,662,1,0.031276966655763294
2026-05-02,Sunderland,Régis Le Bris,670,5,0.021562476937948216
2026-05-09,Sunderland,Régis Le Bris,677,9,0.012936636365688203
2026-05-17,Sunderland,Régis Le Bris,685,6,0.03846815069737386
2026-05-24,Sunderland,Régis Le Bris,692,10,0.03708261736140972
2022-11-06,Aston Villa,Unai Emery,5,9,
2022-11-13,Aston Villa,Unai Emery,12,4,
2022-12-26,Aston Villa,Unai Emery,55,9,0.014270936060641226
2023-01-01,Aston Villa,Unai Emery,61,3,0.028018581552969213
2023-01-04,Aston Villa,Unai Emery,64,3,0.014993369986730842
2023-01-13,Aston Villa,Unai Emery,73,1,0.02425445931927972
2023-01-21,Aston Villa,Unai Emery,81,5,0.01775254906419399
2023-02-04,Aston Villa,Unai Emery,95,7,0.016956464204737842
2023-02-12,Aston Villa,Unai Emery,103,3,0.023517774434182348
2023-02-18,Aston Villa,Unai Emery,109,9,0.0150399155983999
2023-02-25,Aston Villa,Unai Emery,116,4,0.02353684552233637
2023-03-04,Aston Villa,Unai Emery,123,7,0.018739118680238143
2023-03-12,Aston Villa,Unai Emery,131,5,0.02245671676537031
2023-03-18,Aston Villa,Unai Emery,137,4,0.02375961216489686
2023-04-01,Aston Villa,Unai Emery,151,8,0.01232950265581656
2023-04-04,Aston Villa,Unai Emery,154,3,0.009918243712556563
2023-04-08,Aston Villa,Unai Emery,158,6,0.007864155018208141
2023-04-15,Aston Villa,Unai Emery,165,4,0.009400074478662646
2023-04-22,Aston Villa,Unai Emery,172,1,0.008982629211097048
2023-04-25,Aston Villa,Unai Emery,175,1,0.01072635998968896
2023-04-30,Aston Villa,Unai Emery,180,5,0.0066417680285176806
2023-05-06,Aston Villa,Unai Emery,186,4,0.013523256126410699
2023-05-13,Aston Villa,Unai Emery,193,4,0.025628508552879237
2023-05-20,Aston Villa,Unai Emery,200,5,0.015923411712149838
2023-05-28,Aston Villa,Unai Emery,208,7,0.017330777661399455
2023-08-12,Aston Villa,Unai Emery,284,1,0.022112095902928064
2023-08-20,Aston Villa,Unai Emery,292,4,0.017587314142995858
2023-08-27,Aston Villa,Unai Emery,299,4,0.009388003567367575
2023-09-03,Aston Villa,Unai Emery,306,3,0.01278668756758361
2023-09-16,Aston Villa,Unai Emery,319,8,0.02169548231869156
2023-09-24,Aston Villa,Unai Emery,327,6,0.023369229232322652
2023-09-30,Aston Villa,Unai Emery,333,6,0.0139499894340529
2023-10-08,Aston Villa,Unai Emery,341,4,0.014874622825455597
2023-10-22,Aston Villa,Unai Emery,355,1,0.006745390463871792
2023-10-29,Aston Villa,Unai Emery,362,3,0.001532854027917696
2023-11-05,Aston Villa,Unai Emery,369,2,0.0
2023-11-12,Aston Villa,Unai Emery,376,3,0.0
2023-11-26,Aston Villa,Unai Emery,390,2,0.003238539768112836
2023-12-03,Aston Villa,Unai Emery,397,3,0.003921737327154506
2023-12-06,Aston Villa,Unai Emery,400,3,0.00597012179820966
2023-12-09,Aston Villa,Unai Emery,403,3,0.00597012179820966
2023-12-17,Aston Villa,Unai Emery,411,3,0.003178079801634648
2023-12-22,Aston Villa,Unai Emery,416,1,0.0037479671533167114
2023-12-26,Aston Villa,Unai Emery,420,2,0.0026372765802250564
2023-12-30,Aston Villa,Unai Emery,424,1,0.0070955497274282076
2024-01-14,Aston Villa,Unai Emery,439,1,0.0035737981341469327
2024-01-30,Aston Villa,Unai Emery,455,2,0.020051644772465016
2024-02-03,Aston Villa,Unai Emery,459,1,0.04091629047810652
2024-02-11,Aston Villa,Unai Emery,467,2,0.03125716266811562
2024-02-17,Aston Villa,Unai Emery,473,5,0.024480680028572843
2024-02-24,Aston Villa,Unai Emery,480,3,0.02912726055189785
2024-03-02,Aston Villa,Unai Emery,487,2,0.017012848694482274
2024-03-10,Aston Villa,Unai Emery,495,3,0.010585443811060635
2024-03-17,Aston Villa,Unai Emery,502,1,0.018793340534047576
2024-03-30,Aston Villa,Unai Emery,515,1,0.023347904782311746
2024-04-03,Aston Villa,Unai Emery,519,3,0.030546085778914156
2024-04-06,Aston Villa,Unai Emery,522,3,0.06318937086830245
2024-04-14,Aston Villa,Unai Emery,530,3,0.08745212054669382
2024-04-21,Aston Villa,Unai Emery,537,2,0.05745171891138756
2024-04-27,Aston Villa,Unai Emery,543,2,0.030993744139003687
2024-05-05,Aston Villa,Unai Emery,551,2,0.05354859629896214
2024-05-13,Aston Villa,Unai Emery,559,2,0.04397413459424182
2024-05-19,Aston Villa,Unai Emery,565,4,0.037763228955099204
2024-08-17,Aston Villa,Unai Emery,655,1,0.05489026534954544
2024-08-24,Aston Villa,Unai Emery,662,4,0.04310534336139715
2024-08-31,Aston Villa,Unai Emery,669,7,0.021312650666199806
2024-09-14,Aston Villa,Unai Emery,683,5,0.0070567163810209
2024-09-21,Aston Villa,Unai Emery,690,3,0.016421709071000046
2024-09-29,Aston Villa,Unai Emery,698,1,0.013822501190942527
2024-10-06,Aston Villa,Unai Emery,705,2,0.024397403006226948
2024-10-19,Aston Villa,Unai Emery,718,2,0.015972599824093714
2024-10-26,Aston Villa,Unai Emery,725,2,0.008173739520209722
2024-11-03,Aston Villa,Unai Emery,733,1,0.006909098085789878
2024-11-09,Aston Villa,Unai Emery,739,3,0.01099510376208146
2024-11-23,Aston Villa,Unai Emery,753,7,0.0
2024-12-01,Aston Villa,Unai Emery,761,5,0.0
2024-12-04,Aston Villa,Unai Emery,764,9,0.016610270951692763
2024-12-07,Aston Villa,Unai Emery,767,3,0.03569539010461553
2024-12-14,Aston Villa,Unai Emery,774,4,0.01763271689845769
2024-12-21,Aston Villa,Unai Emery,781,4,0.01763271689845769
2024-12-26,Aston Villa,Unai Emery,786,5,0.0161044695234841
2024-12-30,Aston Villa,Unai Emery,790,3,0.018970116668316384
2025-01-04,Aston Villa,Unai Emery,795,6,0.03842176572329381
2025-01-15,Aston Villa,Unai Emery,806,3,0.030404503102915648
2025-01-18,Aston Villa,Unai Emery,809,4,0.014998348298042141
2025-01-26,Aston Villa,Unai Emery,817,1,0.029074581530426857
2025-02-01,Aston Villa,Unai Emery,823,5,0.011620769075194048
2025-02-15,Aston Villa,Unai Emery,837,6,0.007026033131129816
2025-02-19,Aston Villa,Unai Emery,841,2,0.014840861317251819
2025-02-22,Aston Villa,Unai Emery,844,5,0.017626440731049353
2025-02-25,Aston Villa,Unai Emery,847,3,0.041088649174366276
2025-03-08,Aston Villa,Unai Emery,858,6,0.03961825434198141
2025-04-02,Aston Villa,Unai Emery,883,5,0.015934206809150808
2025-04-05,Aston Villa,Unai Emery,886,3,0.012357203943550443
2025-04-12,Aston Villa,Unai Emery,893,4,0.015170838891308547
2025-04-19,Aston Villa,Unai Emery,900,3,0.020732621707831855
2025-04-22,Aston Villa,Unai Emery,903,2,0.012023258645298407
2025-05-03,Aston Villa,Unai Emery,914,2,0.013796508436537125
2025-05-10,Aston Villa,Unai Emery,921,2,0.013796508436537125
2025-05-16,Aston Villa,Unai Emery,927,2,0.004710181252525425
2025-05-25,Aston Villa,Unai Emery,936,6,0.0
2025-08-16,Aston Villa,Unai Emery,1019,1,0.021870988691400917
2025-08-23,Aston Villa,Unai Emery,1026,6,0.011782216292548386
2025-08-31,Aston Villa,Unai Emery,1034,6,0.03343095440474897
2025-09-13,Aston Villa,Unai Emery,1047,15,0.04034669938680335
2025-09-21,Aston Villa,Unai Emery,1055,6,0.09837054895697406
2025-09-28,Aston Villa,Unai Emery,1062,4,0.0942162655815284
2025-10-05,Aston Villa,Unai Emery,1069,7,0.03367670792428734
2025-10-19,Aston Villa,Unai Emery,1083,4,0.011753699858468303
2025-10-26,Aston Villa,Unai Emery,1090,6,0.005575234495090342
2025-11-01,Aston Villa,Unai Emery,1096,5,0.003976837306127523
2025-11-09,Aston Villa,Unai Emery,1104,6,0.0045187452228232505
2025-11-23,Aston Villa,Unai Emery,1118,3,0.011916169203336158
2025-11-30,Aston Villa,Unai Emery,1125,3,0.006165902056320172
2025-12-03,Aston Villa,Unai Emery,1128,3,0.012405883028623332
2025-12-06,Aston Villa,Unai Emery,1131,3,0.012405883028623332
2025-12-14,Aston Villa,Unai Emery,1139,2,0.00718161311600618
2025-12-21,Aston Villa,Unai Emery,1146,1,0.011870951784486716
2025-12-27,Aston Villa,Unai Emery,1152,3,0.006812116860385631
2025-12-30,Aston Villa,Unai Emery,1155,2,0.007396597015663864
2026-01-03,Aston Villa,Unai Emery,1159,2,0.01386886573627899
2026-01-07,Aston Villa,Unai Emery,1163,2,0.014385314872230381
2026-01-18,Aston Villa,Unai Emery,1174,1,0.023697011665410717
2026-01-25,Aston Villa,Unai Emery,1181,2,0.02089106107948413
2026-02-01,Aston Villa,Unai Emery,1188,2,0.06416746934316231
2026-02-07,Aston Villa,Unai Emery,1194,2,0.06416746934316231
2026-02-11,Aston Villa,Unai Emery,1198,2,0.0665698784356884
2026-02-21,Aston Villa,Unai Emery,1208,2,0.0670054352892605
2026-02-27,Aston Villa,Unai Emery,1214,1,0.05919730931943201
2026-03-04,Aston Villa,Unai Emery,1219,4,0.05910653681732447
2026-03-15,Aston Villa,Unai Emery,1230,2,0.03613210913416032
2026-03-22,Aston Villa,Unai Emery,1237,1,0.04814408314082286
2026-04-12,Aston Villa,Unai Emery,1258,2,0.0
2026-04-19,Aston Villa,Unai Emery,1265,3,0.0
2026-04-25,Aston Villa,Unai Emery,1271,2,0.0
2026-05-03,Aston Villa,Unai Emery,1279,3,0.0
2026-05-10,Aston Villa,Unai Emery,1286,2,0.0
2026-05-15,Aston Villa,Unai Emery,1291,2,0.0
2026-05-24,Aston Villa,Unai Emery,1300,4,0.0
